name	level	office	district	town	state	photo	website	cycle	lat	lng
Ali Simpson	state	State Representative	District 32		Tennessee	https://dirtroadcode.github.io/dirtroad-map/photos/ali-simpson.webp	https://www.simpson4tn32.com/	2026	35.845413	-84.499862
Allen Davis	state	State Representative			New Hampshire			2026	42.9059403	-72.061978
Angie Hanson	state	State Senator	District 23		Minnesota	https://dirtroadcode.github.io/dirtroad-map/photos/angie-hanson.webp	https://www.angiehansonmnsenate.com/	2026	43.722266	-93.324456
Austin Meives	state	State Representative	District 23		Indiana			2026		
Azalea Cormier	state	State Representative	District 80		Maine	https://dirtroadcode.github.io/dirtroad-map/photos/azalea-cormier.webp	https://www.azafor.me/	2026	44.169875	-70.447978
Barbara Gooby	state	State Senate	District 1		Georgia	https://dirtroadcode.github.io/dirtroad-map/photos/barbara-gooby.webp	https://www.gooby4ga.com/	2026	31.909226	-81.332619
Benjamin Schauer	local	City Council	At-Large	Dunlap	Iowa	https://dirtroadcode.github.io/dirtroad-map/photos/benjamin-schauer.webp	https://www.facebook.com/p/Benjamin-Schauer-for-Iowa-61556432197875/	2025	41.854329	-95.601966
Bennie Taylor	state	State Representative	District 42		Tennessee	https://dirtroadcode.github.io/dirtroad-map/photos/bennie-taylor.webp	https://www.facebook.com/p/Bennie-Taylor-for-TN-State-House-District-42-61558634100993/	2026	36.150628	-85.592195
Blaine Sefton	state	State Senate	District 14		Indiana			2026		
Bobbi Jean Cummiskey	local	City Council		Bend	Oregon	https://dirtroadcode.github.io/dirtroad-map/photos/bobbi-jean-cummiskey.webp		2026	44.0581728	-121.3153096
Brian Deer	state	State Senate	District 17		Ohio			2026		
Brittany Newton	state	State Representative	District 46		North Carolina	https://dirtroadcode.github.io/dirtroad-map/photos/brittany-newton.webp	https://www.instagram.com/reel/DVMHCivjj9Q/	2026	34.371359	-78.753102
Charles Tilburg	state	State Representative	District 137		Maine	https://dirtroadcode.github.io/dirtroad-map/photos/charles-tilburg.webp	https://www.charlestilburg.com/	2026	43.62842	-70.575645
Charly Ray	state	State Senate	District 25		Wisconsin	https://dirtroadcode.github.io/dirtroad-map/photos/charly-ray.webp	https://www.rayforwi.com/	2026	46.128717	-91.457453
Chris Conroy	state	State Representative	Hillsborough 28		New Hampshire	https://dirtroadcode.github.io/dirtroad-map/photos/chris-conroy.webp		2026	43.078287	-71.703508
Christina Baisden	state	State Delegate	District 44		West Virginia			2026		
Chrystal Roll	state	State Senate	District 16		Nevada			2026		
Cynthia Johnson	state	State Representative	District 148		Georgia			2026		
Dalton Bradford	state	State Representative	District 13		Montana			2026		
Daniel Horoshak	state	State Representative	District 7B		Minnesota	https://dirtroadcode.github.io/dirtroad-map/photos/daniel-horoshak.webp	https://www.facebook.com/profile.php?id=61586029288332	2026	47.422327	-92.585322
David Trumble	state	State Senate	District 8		New Hampshire	https://dirtroadcode.github.io/dirtroad-map/photos/david-trumble.webp	https://www.trumble4nh.com/	2026	43.190051	-72.093871
Debbie Davidson	state	State Representative	District 63		Ohio			2026		
Diana Spangler	state	State Representative	District 16		Georgia	https://dirtroadcode.github.io/dirtroad-map/photos/diana-spangler.webp	https://spanglerforstatehouse.com/	2026	34.008352	-85.128625
Dustin Vigneault	state	State Representative	Grafton 5		New Hampshire	https://dirtroadcode.github.io/dirtroad-map/photos/dustin-vigneault.webp		2026	44.022939	-71.935981
Dusty Jo Jones	state	State Representative	District 49		Oklahoma	https://dirtroadcode.github.io/dirtroad-map/photos/dusty-jo-jones.webp	https://dustyjoforhouse.com/	2026	34.030031	-97.13514
Emily Tseffos	state	State Senate	District 19		Wisconsin	https://dirtroadcode.github.io/dirtroad-map/photos/emily-tseffos.webp	https://www.emilyforwi.com/	2026	44.434768	-88.623015
Gavin Lobmeyer	state	State Representative	District 7		Wyoming			2026		
Hannah Cole	state	State Representative	District 86		Oklahoma	https://dirtroadcode.github.io/dirtroad-map/photos/hannah-cole.webp	https://coleforok86.com/	2026	36.009442	-94.772497
Heather Holmes	state	State Representative	District 24A		Minnesota	https://dirtroadcode.github.io/dirtroad-map/photos/heather-holmes.webp	https://www.holmesformn.com/	2026	43.999981	-92.788825
Iva Markicevic Daley	state	State Representative	District 99		Kentucky	https://dirtroadcode.github.io/dirtroad-map/photos/iva-markicevic-daley.webp	https://www.ivaforkentucky.com/	2026	38.072449	-83.280262
Jacob Brooks	state	State Representative	District 93		North Carolina			2028	36.392483	-81.471382
Jamie Collins	county	County Commissioner	Deschutes County, 1st Position		Oregon	https://dirtroadcode.github.io/dirtroad-map/photos/jamie-collins.webp	https://collins4deschutes.com/	2026	43.915118	-121.225575
Jarvus Turnley	state	State Representative	District 66		Tennessee	https://dirtroadcode.github.io/dirtroad-map/photos/jarvus-turnley.webp	https://www.facebook.com/JTurnley615	2026	36.524385	-86.872594
Jessica Blanchard	state	State Representative	District 69		Maine			2026		
Jessica Limbird	local	City Council	Ward 3	Lewisburg	Tennessee	https://dirtroadcode.github.io/dirtroad-map/photos/jessica-limbird.webp	https://www.facebook.com/jesslimbirdforlewisburg	2026	35.44924	-86.788889
Joan Harris Presley	county	County Commissioner	Warren County, 1st District		Tennessee	https://dirtroadcode.github.io/dirtroad-map/photos/joan-harris-presley.webp		2026	35.67825	-85.777343
John Bartlett	state	State Representative	District 33		Indiana	https://dirtroadcode.github.io/dirtroad-map/photos/john-bartlett.webp	https://www.bartlettforindiana.org/	2026	40.271122	-85.106493
John Olsen	local	City Council	District 1	Fletcher	North Carolina			2026		
Kathryn Larson	state	State Representative	District 1B		Idaho	https://dirtroadcode.github.io/dirtroad-map/photos/kathryn-larson.webp	https://kathrynlarsonforidaho.com/	2026	48.540897	-116.516267
Kirstan Watson	state	State Representative			Maine	https://dirtroadcode.github.io/dirtroad-map/photos/kirstan-watson.webp	https://ballotpedia.org/Kirstan_Watson	2026	43.3825857	-70.4778292
Krista Magaw	state	State Representative	District 71		Ohio	https://dirtroadcode.github.io/dirtroad-map/photos/krista-magaw.webp	https://www.kristamagawforohio.org/	2026	39.582079	-83.797786
Kristofer Williams	state	State Representative	District 8		Iowa			2026		
Kylie Kilmer	state	State Representative	District 70		Kansas			2026		
Laura Sirot	state	State Senate	District 31		Ohio	https://dirtroadcode.github.io/dirtroad-map/photos/laura-sirot.webp	https://www.sirotforohio.org/	2026	40.682237	-81.508197
Leanne Harple	state	State Representative	Orleans 4		Vermont	https://dirtroadcode.github.io/dirtroad-map/photos/leanne-harple.webp	https://harpleforhouse.com/	2026	44.668372	-72.314186
Lucia Valentine	state	State Representative	District 97		West Virginia		https://ballotpedia.org/Lucia_Valentine	2026	39.440244	-77.876081
Madison Cook	state	State Representative	District 39		Maine	https://dirtroadcode.github.io/dirtroad-map/photos/madison-cook.webp	https://www.madisonformaine.com/	2026	44.389384	-69.02694
Margaret Spear	state	State Representative	District 3		Georgia			2026		
Mark Remmert	state	State Representative	District 13		Kansas			2026		
Marta Beck	county	County Commissioner	Jefferson County		West Virginia	https://dirtroadcode.github.io/dirtroad-map/photos/marta-beck.webp	https://www.martabeckwv.com/	2026	39.307398	-77.86322
Matthew Townsend	state	State Representative	District 67		Maine	https://dirtroadcode.github.io/dirtroad-map/photos/matthew-townsend.webp	https://www.electmatttownsend.com/	2026	44.623892	-69.632146
Melanie Miller	state	State Representative	District 124		Georgia	https://dirtroadcode.github.io/dirtroad-map/photos/melanie-miller.webp	https://melaniemiller4ga.com/	2026	33.666816	-83.102257
Melody Cunningham	state	State Representative	District 97		Montana	https://dirtroadcode.github.io/dirtroad-map/photos/melody-cunningham.webp	https://ballotpedia.org/Melody_Cunningham	2026	46.873669	-114.084276
Michaela Madrid	county	County Commissioner			South Dakota	https://dirtroadcode.github.io/dirtroad-map/photos/michaela-madrid.webp	https://michaelamadrid.com/	2026		
Michelle Head	county	County Commissioner	Marshall County District 5		Tennessee	https://dirtroadcode.github.io/dirtroad-map/photos/michelle-head.webp	https://www.facebook.com/jmichellehead/	2026	35.468329	-86.765868
Michelle Higgs	state	State Representative	District 60		Indiana	https://dirtroadcode.github.io/dirtroad-map/photos/michelle-higgs.webp	https://voteformichellehiggs.com/	2026	39.449783	-86.456604
Mira Tanner-Hughes	state	State Delegate	District 65		West Virginia			2026		
Nathan Brewer	state	State Senate	District 8		Oklahoma	https://dirtroadcode.github.io/dirtroad-map/photos/nathan-brewer.webp	https://www.facebook.com/nathan.brewer.9847/	2026	35.52034	-95.921342
Patrick Sullivan	state	State Representative	District 75		Montana			2026		
Rah Reinholz	state	State Representative	District 17		Wyoming			2026		
Randall Putz	state	State Assembly	District 34		California	https://dirtroadcode.github.io/dirtroad-map/photos/randall-putz.webp	https://www.putzforassembly.com/	2026	34.92908	-116.562815
Rebecca Conrad	county	County Commissioner			West Virginia			2026		
Reggie Spaulding	state	State Representative	District 92		Montana	https://dirtroadcode.github.io/dirtroad-map/photos/reggie-spaulding.webp	https://reggiespauldingformt.org/	2026	47.183986	-113.630812
Rise Hayes	state	State Delegate	District 52		Virginia	https://dirtroadcode.github.io/dirtroad-map/photos/rise-hayes.webp	https://www.risehayesdelegate.com/	2025	37.399016	-79.195458
Sarah Slattery	state	Secretary of State			Nebraska	https://dirtroadcode.github.io/dirtroad-map/photos/sarah-slattery.webp	https://www.slatteryfornebraska.com/	2026	40.806862	-96.681679
Sasha Ripley	state	State Senator	District 13		Wisconsin	https://dirtroadcode.github.io/dirtroad-map/photos/sasha-ripley.webp	https://www.ripleyforwisconsin.com/	2026	43.64407	-88.968646
Shea Boschee	local	School Board	Seat 5	Perry	Oklahoma	https://dirtroadcode.github.io/dirtroad-map/photos/shea-boschee.webp	https://ballotpedia.org/Shea_Boschee_(Perry_Public_Schools_school_board_Office_5,_Oklahoma,_candidate_2025)	2025	36.28949	-97.2881
Siobhan McIntyre	state	State Representative	District 79		Kansas	https://dirtroadcode.github.io/dirtroad-map/photos/siobhan-mcintyre.webp	https://mcintyreforkansas.com/	2026	37.326736	-97.267245
Sonja Okun	county	County Supervisor	3rd Ward		New York	https://dirtroadcode.github.io/dirtroad-map/photos/sonja-okun.webp	https://www.linkedin.com/in/sonjaokun	2025	42.247696	-73.626718
Steven Gupton	local	Board of Education	District 3		North Carolina	https://dirtroadcode.github.io/dirtroad-map/photos/steven-gupton.webp	https://stevengupton.com/	2026	36.0990393	-78.301106
Tom O'Donnell	state	State Representative	District 87		Iowa	https://dirtroadcode.github.io/dirtroad-map/photos/tom-odonnell.webp	https://odonnellforhouse87.com/	2026	40.821816	-91.917817
Wayde Lawler	county	County Board of Supervisors	District 14		Wisconsin	https://dirtroadcode.github.io/dirtroad-map/photos/wayde-lawler.webp	https://www.facebook.com/wayde4vernoncounty/	2026	43.599366	-90.821983
Whitney Echenique	state	State Representative	District 2		Georgia	https://dirtroadcode.github.io/dirtroad-map/photos/whitney-echenique.webp	https://whitneyforga.com/	2026	34.736804	-85.145453
Will Rivera	local	Town Supervisor		Oneonta	New York	https://dirtroadcode.github.io/dirtroad-map/photos/will-rivera.webp	https://willriverafornewyork.com/	2025	42.453492	-75.0629531
Zeppelin Zeerip	state	State Representative	District 4		Utah	https://dirtroadcode.github.io/dirtroad-map/photos/zeppelin-zeerip.webp	https://www.zeppelinforutah.com/	2026	41.201752	-111.290498
